code,industry,update_date
sz001208,电网设备,2025-12-12
sz001296,非金属材料,2025-12-12
sz001331,燃气,2025-12-12
sz002255,其他电源设备,2025-12-12
sz002256,电力,2025-12-12
sz002300,电网设备,2025-12-12
sz002309,电网设备,2025-12-12
sz002347,通用设备,2025-12-12
sz002374,包装印刷,2025-12-12
sz002438,通用设备,2025-12-12
sz002451,电网设备,2025-12-12
sz002471,电网设备,2025-12-12
sz002478,钢铁,2025-12-12
sz002565,包装印刷,2025-12-12
sz002584,电子化学品,2025-12-12
sz002639,通用设备,2025-12-12
sz002862,家居用品,2025-12-12
sz002865,光伏设备,2025-12-12
sz002927,电网设备,2025-12-12
sz002989,建筑装饰,2025-12-12
sz003033,汽车服务及其他,2025-12-12
sh600151,光伏设备,2025-12-12
sh600192,电网设备,2025-12-12
sh600493,纺织制造,2025-12-12
sh600550,电网设备,2025-12-12
sh600730,教育,2025-12-12
sh600776,通信设备,2025-12-12
sh600855,军工电子,2025-12-12
sh600865,零售,2025-12-12
sh600868,电力,2025-12-12
sh600875,其他电源设备,2025-12-12
sh600936,IT服务,2025-12-12
sh600990,军工电子,2025-12-12
sh601106,专用设备,2025-12-12
sh601133,建筑装饰,2025-12-12
sh601179,电网设备,2025-12-12
sh601399,专用设备,2025-12-12
sh601566,服装家纺,2025-12-12
sh601611,建筑装饰,2025-12-12
sh601619,电力,2025-12-12
sh601700,电网设备,2025-12-12
sh603031,电池,2025-12-12
sh603127,医疗服务,2025-12-12
sh603163,建筑装饰,2025-12-12
sh603315,环境治理,2025-12-12
sh603408,家居用品,2025-12-12
sh603601,建筑材料,2025-12-12
sh603610,家居用品,2025-12-12
sh603698,专用设备,2025-12-12
sh603709,家居用品,2025-12-12
sh603929,建筑装饰,2025-12-12
sh603992,家居用品,2025-12-12
sh605060,通用设备,2025-12-12
sz001201,养殖业,2025-12-12
sz001202,物流,2025-12-12
sz001203,钢铁,2025-12-12
sz001205,港口航运,2025-12-12
sz001206,美容护理,2025-12-12
sz001207,橡胶制品,2025-12-12
sz001209,服装家纺,2025-12-12
sz001210,电力,2025-12-12
sz001211,家居用品,2025-12-12
sz001213,公路铁路运输,2025-12-12
sz001216,家居用品,2025-12-12
sz001217,化学原料,2025-12-12
sz001218,化学制品,2025-12-12
sz001219,食品加工制造,2025-12-12
sz001222,家居用品,2025-12-12
sz001227,银行,2025-12-12
sz001228,物流,2025-12-12
sz001230,环境治理,2025-12-12
sz001231,农化制品,2025-12-12
sz001234,服装家纺,2025-12-12
sz001236,多元金融,2025-12-12
sz001239,工程机械,2025-12-12
sz001256,专用设备,2025-12-12
sz001258,电力,2025-12-12
sz001259,小家电,2025-12-12
sz001260,汽车零部件,2025-12-12
sz001266,自动化设备,2025-12-12
sz001267,建筑装饰,2025-12-12
sz001269,光伏设备,2025-12-12
sz001278,汽车零部件,2025-12-12
sz001282,汽车零部件,2025-12-12
sz001286,电力,2025-12-12
sz001287,其他电子,2025-12-12
sz001289,电力,2025-12-12
sz001299,燃气,2025-12-12
sz001300,家居用品,2025-12-12
sz001308,光学光电子,2025-12-12
sz001313,农产品加工,2025-12-12
sz001318,饮料制造,2025-12-12
sz001319,汽车零部件,2025-12-12
sz001322,家居用品,2025-12-12
sz001323,家居用品,2025-12-12
sz001324,轨交设备,2025-12-12
sz001330,影视院线,2025-12-12
sz001333,塑料制品,2025-12-12
sz001336,环保设备,2025-12-12
sz001337,贵金属,2025-12-12
sz001338,农产品加工,2025-12-12
sz001356,家居用品,2025-12-12
sz001358,化学制品,2025-12-12
sz001360,专用设备,2025-12-12
sz001366,农产品加工,2025-12-12
sz001367,化学制药,2025-12-12
sz001368,家居用品,2025-12-12
sz001373,光学光电子,2025-12-12
sz001376,电力,2025-12-12
sz001378,塑料制品,2025-12-12
sz001379,通用设备,2025-12-12
sz001380,汽车零部件,2025-12-12
sz001382,电网设备,2025-12-12
sz001387,白色家电,2025-12-12
sz001391,物流,2025-12-12
sz001696,通用设备,2025-12-12
sz001872,港口航运,2025-12-12
sz001896,电力,2025-12-12
sz001914,房地产,2025-12-12
sz001965,公路铁路运输,2025-12-12
sz001979,房地产,2025-12-12
sz002001,化学制药,2025-12-12
sz002003,纺织制造,2025-12-12
sz002004,化学制药,2025-12-12
sz002006,专用设备,2025-12-12
sz002007,生物制品,2025-12-12
sz002009,专用设备,2025-12-12
sz002010,物流,2025-12-12
sz002011,白色家电,2025-12-12
sz002012,造纸,2025-12-12
sz002014,包装印刷,2025-12-12
sz002015,电力,2025-12-12
sz002016,房地产,2025-12-12
sz002017,通信设备,2025-12-12
sz002019,化学制药,2025-12-12
sz002020,化学制药,2025-12-12
sz002021,专用设备,2025-12-12
sz002022,医疗器械,2025-12-12
sz002023,军工装备,2025-12-12
sz002026,通用设备,2025-12-12
sz002027,文化传媒,2025-12-12
sz002029,服装家纺,2025-12-12
sz002030,医疗器械,2025-12-12
sz002031,专用设备,2025-12-12
sz002033,旅游及酒店,2025-12-12
sz002034,环境治理,2025-12-12
sz002035,厨卫电器,2025-12-12
sz002036,光学光电子,2025-12-12
sz002037,化学制品,2025-12-12
sz002038,化学制药,2025-12-12
sz002039,电力,2025-12-12
sz002040,港口航运,2025-12-12
sz002041,种植业与林业,2025-12-12
sz002042,纺织制造,2025-12-12
sz002043,建筑材料,2025-12-12
sz002044,医疗服务,2025-12-12
sz002045,消费电子,2025-12-12
sz002048,汽车零部件,2025-12-12
sz002051,建筑装饰,2025-12-12
sz002052,其他电源设备,2025-12-12
sz002053,电力,2025-12-12
sz002054,化学制品,2025-12-12
sz002055,消费电子,2025-12-12
sz002056,光伏设备,2025-12-12
sz002057,其他社会服务,2025-12-12
sz002059,旅游及酒店,2025-12-12
sz002060,建筑装饰,2025-12-12
sz002061,建筑装饰,2025-12-12
sz002062,建筑装饰,2025-12-12
sz002063,软件开发,2025-12-12
sz002064,化学纤维,2025-12-12
sz002065,IT服务,2025-12-12
sz002066,建筑材料,2025-12-12
sz002067,造纸,2025-12-12
sz002068,橡胶制品,2025-12-12
sz002069,养殖业,2025-12-12
sz002072,贸易,2025-12-12
sz002073,专用设备,2025-12-12
sz002075,钢铁,2025-12-12
sz002077,半导体,2025-12-12
sz002078,造纸,2025-12-12
sz002079,光伏设备,2025-12-12
sz002081,建筑装饰,2025-12-12
sz002082,中药,2025-12-12
sz002083,纺织制造,2025-12-12
sz002084,家居用品,2025-12-12
sz002085,汽车零部件,2025-12-12
sz002086,医疗器械,2025-12-12
sz002088,建筑材料,2025-12-12
sz002090,电网设备,2025-12-12
sz002091,贸易,2025-12-12
sz002092,化学原料,2025-12-12
sz002093,通信服务,2025-12-12
sz002094,家居用品,2025-12-12
sz002095,文化传媒,2025-12-12
sz002096,化学制品,2025-12-12
sz002097,工程机械,2025-12-12
sz002098,纺织制造,2025-12-12
sz002099,化学制药,2025-12-12
sz002100,农产品加工,2025-12-12
sz002101,汽车零部件,2025-12-12
sz002102,化学制药,2025-12-12
sz002103,家居用品,2025-12-12
sz002104,通信设备,2025-12-12
sz002105,汽车服务及其他,2025-12-12
sz002106,光学光电子,2025-12-12
sz002107,中药,2025-12-12
sz002108,塑料制品,2025-12-12
sz002109,化学原料,2025-12-12
sz002110,钢铁,2025-12-12
sz002111,军工装备,2025-12-12
sz002112,电网设备,2025-12-12
sz002114,工业金属,2025-12-12
sz002115,通信服务,2025-12-12
sz002116,建筑装饰,2025-12-12
sz002117,包装印刷,2025-12-12
sz002119,半导体,2025-12-12
sz002120,物流,2025-12-12
sz002121,电网设备,2025-12-12
sz002123,通信服务,2025-12-12
sz002124,养殖业,2025-12-12
sz002125,电池,2025-12-12
sz002127,互联网电商,2025-12-12
sz002128,煤炭开采加工,2025-12-12
sz002129,光伏设备,2025-12-12
sz002130,其他电子,2025-12-12
sz002131,通用设备,2025-12-12
sz002132,通用设备,2025-12-12
sz002133,房地产,2025-12-12
sz002134,元件,2025-12-12
sz002135,建筑装饰,2025-12-12
sz002136,化学原料,2025-12-12
sz002137,光学光电子,2025-12-12
sz002139,消费电子,2025-12-12
sz002140,建筑装饰,2025-12-12
sz002141,养殖业,2025-12-12
sz002142,银行,2025-12-12
sz002144,纺织制造,2025-12-12
sz002145,化学原料,2025-12-12
sz002146,房地产,2025-12-12
sz002148,通信服务,2025-12-12
sz002149,小金属,2025-12-12
sz002150,光伏设备,2025-12-12
sz002152,计算机设备,2025-12-12
sz002153,软件开发,2025-12-12
sz002154,服装家纺,2025-12-12
sz002155,贵金属,2025-12-12
sz002157,养殖业,2025-12-12
sz002158,通用设备,2025-12-12
sz002159,旅游及酒店,2025-12-12
sz002160,工业金属,2025-12-12
sz002161,其他电子,2025-12-12
sz002162,家居用品,2025-12-12
sz002163,建筑装饰,2025-12-12
sz002164,通用设备,2025-12-12
sz002165,化学制品,2025-12-12
sz002167,小金属,2025-12-12
sz002169,电网设备,2025-12-12
sz002170,农化制品,2025-12-12
sz002171,工业金属,2025-12-12
sz002172,医疗服务,2025-12-12
sz002173,医疗服务,2025-12-12
sz002174,游戏,2025-12-12
sz002175,通用设备,2025-12-12
sz002176,电机,2025-12-12
sz002177,零售,2025-12-12
sz002178,软件开发,2025-12-12
sz002180,计算机设备,2025-12-12
sz002181,文化传媒,2025-12-12
sz002182,小金属,2025-12-12
sz002183,贸易,2025-12-12
sz002184,自动化设备,2025-12-12
sz002185,半导体,2025-12-12
sz002186,旅游及酒店,2025-12-12
sz002187,零售,2025-12-12
sz002188,房地产,2025-12-12
sz002189,军工电子,2025-12-12
sz002191,包装印刷,2025-12-12
sz002193,服装家纺,2025-12-12
sz002194,通信设备,2025-12-12
sz002195,IT服务,2025-12-12
sz002196,电机,2025-12-12
sz002198,中药,2025-12-12
sz002201,建筑材料,2025-12-12
sz002202,风电设备,2025-12-12
sz002203,工业金属,2025-12-12
sz002204,专用设备,2025-12-12
sz002205,建筑材料,2025-12-12
sz002206,化学纤维,2025-12-12
sz002207,油气开采及服务,2025-12-12
sz002208,房地产,2025-12-12
sz002209,专用设备,2025-12-12
sz002210,环境治理,2025-12-12
sz002212,软件开发,2025-12-12
sz002213,半导体,2025-12-12
sz002215,种植业与林业,2025-12-12
sz002216,食品加工制造,2025-12-12
sz002217,光学光电子,2025-12-12
sz002218,电力,2025-12-12
sz002219,医疗服务,2025-12-12
sz002221,石油加工贸易,2025-12-12
sz002224,橡胶制品,2025-12-12
sz002225,建筑材料,2025-12-12
sz002226,化学制品,2025-12-12
sz002227,其他电源设备,2025-12-12
sz002228,包装印刷,2025-12-12
sz002229,包装印刷,2025-12-12
sz002232,IT服务,2025-12-12
sz002233,建筑材料,2025-12-12
sz002234,养殖业,2025-12-12
sz002235,造纸,2025-12-12
sz002236,计算机设备,2025-12-12
sz002237,贵金属,2025-12-12
sz002238,文化传媒,2025-12-12
sz002239,汽车零部件,2025-12-12
sz002241,消费电子,2025-12-12
sz002242,小家电,2025-12-12
sz002243,美容护理,2025-12-12
sz002244,房地产,2025-12-12
sz002245,电池,2025-12-12
sz002246,化学制品,2025-12-12
sz002247,建筑材料,2025-12-12
sz002248,通用设备,2025-12-12
sz002249,电机,2025-12-12
sz002250,农化制品,2025-12-12
sz002251,零售,2025-12-12
sz002252,生物制品,2025-12-12
sz002254,化学纤维,2025-12-12
sz002258,农化制品,2025-12-12
sz002259,燃气,2025-12-12
sz002262,化学制药,2025-12-12
sz002263,塑料制品,2025-12-12
sz002264,文化传媒,2025-12-12
sz002265,军工装备,2025-12-12
sz002266,环境治理,2025-12-12
sz002267,燃气,2025-12-12
sz002268,计算机设备,2025-12-12
sz002269,服装家纺,2025-12-12
sz002270,电网设备,2025-12-12
sz002271,建筑材料,2025-12-12
sz002272,通用设备,2025-12-12
sz002273,光学光电子,2025-12-12
sz002274,化学原料,2025-12-12
sz002275,中药,2025-12-12
sz002276,电网设备,2025-12-12
sz002277,零售,2025-12-12
sz002278,专用设备,2025-12-12
sz002279,软件开发,2025-12-12
sz002282,通用设备,2025-12-12
sz002283,汽车零部件,2025-12-12
sz002284,汽车零部件,2025-12-12
sz002285,房地产,2025-12-12
sz002286,农产品加工,2025-12-12
sz002287,中药,2025-12-12
sz002291,文化传媒,2025-12-12
sz002292,影视院线,2025-12-12
sz002293,服装家纺,2025-12-12
sz002295,工业金属,2025-12-12
sz002296,通信设备,2025-12-12
sz002297,军工装备,2025-12-12
sz002298,电网设备,2025-12-12
sz002299,养殖业,2025-12-12
sz002301,家居用品,2025-12-12
sz002302,建筑材料,2025-12-12
sz002303,包装印刷,2025-12-12
sz002307,建筑装饰,2025-12-12
sz002310,环境治理,2025-12-12
sz002312,农化制品,2025-12-12
sz002313,通信设备,2025-12-12
sz002314,房地产,2025-12-12
sz002316,通信服务,2025-12-12
sz002317,中药,2025-12-12
sz002318,钢铁,2025-12-12
sz002319,化学制品,2025-12-12
sz002320,港口航运,2025-12-12
sz002321,养殖业,2025-12-12
sz002322,软件开发,2025-12-12
sz002323,建筑装饰,2025-12-12
sz002324,塑料制品,2025-12-12
sz002326,化学制品,2025-12-12
sz002327,服装家纺,2025-12-12
sz002328,汽车零部件,2025-12-12
sz002329,饮料制造,2025-12-12
sz002330,食品加工制造,2025-12-12
sz002331,IT服务,2025-12-12
sz002332,化学制药,2025-12-12
sz002333,建筑材料,2025-12-12
sz002334,自动化设备,2025-12-12
sz002337,专用设备,2025-12-12
sz002339,电网设备,2025-12-12
sz002340,电池,2025-12-12
sz002342,通用设备,2025-12-12
sz002343,影视院线,2025-12-12
sz002344,零售,2025-12-12
sz002345,服装家纺,2025-12-12
sz002346,电网设备,2025-12-12
sz002348,家居用品,2025-12-12
sz002349,中药,2025-12-12
sz002350,电网设备,2025-12-12
sz002351,消费电子,2025-12-12
sz002354,文化传媒,2025-12-12
sz002355,汽车零部件,2025-12-12
sz002356,零售,2025-12-12
sz002357,公路铁路运输,2025-12-12
sz002358,电网设备,2025-12-12
sz002360,化学制品,2025-12-12
sz002361,塑料制品,2025-12-12
sz002362,软件开发,2025-12-12
sz002363,汽车零部件,2025-12-12
sz002364,其他电源设备,2025-12-12
sz002365,化学制药,2025-12-12
sz002366,其他电源设备,2025-12-12
sz002367,专用设备,2025-12-12
sz002368,IT服务,2025-12-12
sz002369,消费电子,2025-12-12
sz002370,化学制药,2025-12-12
sz002372,建筑材料,2025-12-12
sz002373,IT服务,2025-12-12
sz002375,建筑装饰,2025-12-12
sz002376,计算机设备,2025-12-12
sz002377,石油加工贸易,2025-12-12
sz002378,小金属,2025-12-12
sz002379,工业金属,2025-12-12
sz002380,IT服务,2025-12-12
sz002381,橡胶制品,2025-12-12
sz002382,医疗器械,2025-12-12
sz002383,军工电子,2025-12-12
sz002385,农产品加工,2025-12-12
sz002386,化学原料,2025-12-12
sz002387,光学光电子,2025-12-12
sz002389,军工装备,2025-12-12
sz002390,中药,2025-12-12
sz002391,农化制品,2025-12-12
sz002392,建筑材料,2025-12-12
sz002393,化学制药,2025-12-12
sz002394,纺织制造,2025-12-12
sz002395,塑料制品,2025-12-12
sz002396,通信设备,2025-12-12
sz002397,服装家纺,2025-12-12
sz002398,建筑材料,2025-12-12
sz002399,化学制药,2025-12-12
sz002400,文化传媒,2025-12-12
sz002401,IT服务,2025-12-12
sz002403,小家电,2025-12-12
sz002404,服装家纺,2025-12-12
sz002405,软件开发,2025-12-12
sz002406,汽车零部件,2025-12-12
sz002407,化学制品,2025-12-12
sz002408,石油加工贸易,2025-12-12
sz002410,软件开发,2025-12-12
sz002412,中药,2025-12-12
sz002413,军工电子,2025-12-12
sz002414,军工电子,2025-12-12
sz002415,计算机设备,2025-12-12
sz002416,零售,2025-12-12
sz002418,白色家电,2025-12-12
sz002419,零售,2025-12-12
sz002420,汽车零部件,2025-12-12
sz002421,IT服务,2025-12-12
sz002423,多元金融,2025-12-12
sz002424,中药,2025-12-12
sz002425,游戏,2025-12-12
sz002426,消费电子,2025-12-12
sz002427,化学纤维,2025-12-12
sz002428,小金属,2025-12-12
sz002429,黑色家电,2025-12-12
sz002431,建筑装饰,2025-12-12
sz002434,汽车零部件,2025-12-12
sz002436,元件,2025-12-12
sz002437,化学制药,2025-12-12
sz002439,软件开发,2025-12-12
sz002440,化学制品,2025-12-12
sz002441,电网设备,2025-12-12
sz002442,橡胶制品,2025-12-12
sz002443,钢铁,2025-12-12
sz002445,通用设备,2025-12-12
sz002446,军工电子,2025-12-12
sz002448,汽车零部件,2025-12-12
sz002449,光学光电子,2025-12-12
sz002452,电网设备,2025-12-12
sz002453,化学制品,2025-12-12
sz002454,汽车零部件,2025-12-12
sz002455,化学制品,2025-12-12
sz002456,光学光电子,2025-12-12
sz002457,建筑材料,2025-12-12
sz002458,养殖业,2025-12-12
sz002459,光伏设备,2025-12-12
sz002461,饮料制造,2025-12-12
sz002462,医药商业,2025-12-12
sz002465,军工电子,2025-12-12
sz002467,通信服务,2025-12-12
sz002468,物流,2025-12-12
sz002469,化学原料,2025-12-12
sz002470,农化制品,2025-12-12
sz002474,IT服务,2025-12-12
sz002476,石油加工贸易,2025-12-12
sz002479,电力,2025-12-12
sz002480,电力,2025-12-12
sz002481,农产品加工,2025-12-12
sz002482,建筑装饰,2025-12-12
sz002483,专用设备,2025-12-12
sz002484,元件,2025-12-12
sz002486,服装家纺,2025-12-12
sz002488,汽车零部件,2025-12-12
sz002489,家居用品,2025-12-12
sz002490,专用设备,2025-12-12
sz002491,通信设备,2025-12-12
sz002492,物流,2025-12-12
sz002493,石油加工贸易,2025-12-12
sz002494,服装家纺,2025-12-12
sz002495,食品加工制造,2025-12-12
sz002497,化学制品,2025-12-12
sz002498,电网设备,2025-12-12
sz002500,证券,2025-12-12
sz002501,工业金属,2025-12-12
sz002506,光伏设备,2025-12-12
sz002507,食品加工制造,2025-12-12
sz002508,厨卫电器,2025-12-12
sz002510,汽车零部件,2025-12-12
sz002511,美容护理,2025-12-12
sz002512,计算机设备,2025-12-12
sz002513,农化制品,2025-12-12
sz002514,通用设备,2025-12-12
sz002515,食品加工制造,2025-12-12
sz002516,汽车零部件,2025-12-12
sz002517,游戏,2025-12-12
sz002519,军工电子,2025-12-12
sz002520,通用设备,2025-12-12
sz002521,造纸,2025-12-12
sz002522,塑料制品,2025-12-12
sz002523,专用设备,2025-12-12
sz002524,医疗服务,2025-12-12
sz002526,专用设备,2025-12-12
sz002527,自动化设备,2025-12-12
sz002530,通用设备,2025-12-12
sz002531,风电设备,2025-12-12
sz002532,工业金属,2025-12-12
sz002533,电网设备,2025-12-12
sz002534,其他电源设备,2025-12-12
sz002535,专用设备,2025-12-12
sz002536,汽车零部件,2025-12-12
sz002537,汽车零部件,2025-12-12
sz002538,农化制品,2025-12-12
sz002539,农化制品,2025-12-12
sz002540,工业金属,2025-12-12
sz002541,建筑装饰,2025-12-12
sz002542,建筑装饰,2025-12-12
sz002543,厨卫电器,2025-12-12
sz002545,农化制品,2025-12-12
sz002546,电网设备,2025-12-12
sz002547,汽车零部件,2025-12-12
sz002548,农产品加工,2025-12-12
sz002549,环境治理,2025-12-12
sz002550,化学制药,2025-12-12
sz002551,医疗器械,2025-12-12
sz002552,元件,2025-12-12
sz002554,油气开采及服务,2025-12-12
sz002555,游戏,2025-12-12
sz002556,种植业与林业,2025-12-12
sz002557,食品加工制造,2025-12-12
sz002559,通用设备,2025-12-12
sz002560,电网设备,2025-12-12
sz002561,零售,2025-12-12
sz002562,化学制品,2025-12-12
sz002563,服装家纺,2025-12-12
sz002564,专用设备,2025-12-12
sz002566,中药,2025-12-12
sz002567,农产品加工,2025-12-12
sz002568,饮料制造,2025-12-12
sz002570,饮料制造,2025-12-12
sz002571,家居用品,2025-12-12
sz002572,家居用品,2025-12-12
sz002573,环境治理,2025-12-12
sz002574,服装家纺,2025-12-12
sz002575,综合,2025-12-12
sz002576,电机,2025-12-12
sz002577,计算机设备,2025-12-12
sz002578,工业金属,2025-12-12
sz002579,元件,2025-12-12
sz002580,电池,2025-12-12
sz002582,食品加工制造,2025-12-12
sz002583,通信设备,2025-12-12
sz002585,塑料制品,2025-12-12
sz002587,光学光电子,2025-12-12
sz002588,农化制品,2025-12-12
sz002589,医药商业,2025-12-12
sz002590,汽车零部件,2025-12-12
sz002591,化学制品,2025-12-12
sz002593,建筑装饰,2025-12-12
sz002596,建筑材料,2025-12-12
sz002597,化学制品,2025-12-12
sz002598,通用设备,2025-12-12
sz002599,包装印刷,2025-12-12
sz002600,消费电子,2025-12-12
sz002601,化学原料,2025-12-12
sz002602,游戏,2025-12-12
sz002603,中药,2025-12-12
sz002605,游戏,2025-12-12
sz002606,电网设备,2025-12-12
sz002607,教育,2025-12-12
sz002608,电力,2025-12-12
sz002609,IT服务,2025-12-12
sz002611,专用设备,2025-12-12
sz002612,服装家纺,2025-12-12
sz002613,建筑材料,2025-12-12
sz002614,小家电,2025-12-12
sz002615,家居用品,2025-12-12
sz002616,电力,2025-12-12
sz002617,电力,2025-12-12
sz002622,医疗服务,2025-12-12
sz002623,光伏设备,2025-12-12
sz002624,游戏,2025-12-12
sz002626,食品加工制造,2025-12-12
sz002627,旅游及酒店,2025-12-12
sz002628,建筑装饰,2025-12-12
sz002629,建筑装饰,2025-12-12
sz002631,家居用品,2025-12-12
sz002632,塑料制品,2025-12-12
sz002633,通用设备,2025-12-12
sz002634,服装家纺,2025-12-12
sz002635,消费电子,2025-12-12
sz002636,元件,2025-12-12
sz002637,化学制品,2025-12-12
sz002638,光学光电子,2025-12-12
sz002640,互联网电商,2025-12-12
sz002641,建筑材料,2025-12-12
sz002642,IT服务,2025-12-12
sz002643,电子化学品,2025-12-12
sz002644,中药,2025-12-12
sz002645,环境治理,2025-12-12
sz002646,白酒,2025-12-12
sz002648,化学制品,2025-12-12
sz002649,IT服务,2025-12-12
sz002651,军工装备,2025-12-12
sz002652,建筑材料,2025-12-12
sz002654,光学光电子,2025-12-12
sz002655,消费电子,2025-12-12
sz002657,IT服务,2025-12-12
sz002658,环保设备,2025-12-12
sz002659,教育,2025-12-12
sz002660,消费电子,2025-12-12
sz002661,食品加工制造,2025-12-12
sz002662,汽车零部件,2025-12-12
sz002663,建筑装饰,2025-12-12
sz002664,汽车零部件,2025-12-12
sz002666,化学制品,2025-12-12
sz002667,能源金属,2025-12-12
sz002668,白色家电,2025-12-12
sz002669,化学制品,2025-12-12
sz002670,证券,2025-12-12
sz002671,建筑材料,2025-12-12
sz002672,环境治理,2025-12-12
sz002673,证券,2025-12-12
sz002674,纺织制造,2025-12-12
sz002675,化学制药,2025-12-12
sz002676,白色家电,2025-12-12
sz002677,厨卫电器,2025-12-12
sz002678,家居用品,2025-12-12
sz002679,种植业与林业,2025-12-12
sz002681,消费电子,2025-12-12
sz002682,物流,2025-12-12
sz002685,工程机械,2025-12-12
sz002686,通用设备,2025-12-12
sz002687,服装家纺,2025-12-12
sz002688,养殖业,2025-12-12
sz002690,专用设备,2025-12-12
sz002691,专用设备,2025-12-12
sz002692,电网设备,2025-12-12
sz002694,建筑材料,2025-12-12
sz002695,食品加工制造,2025-12-12
sz002696,农产品加工,2025-12-12
sz002697,零售,2025-12-12
sz002698,自动化设备,2025-12-12
sz002700,燃气,2025-12-12
sz002701,包装印刷,2025-12-12
sz002702,食品加工制造,2025-12-12
sz002703,汽车零部件,2025-12-12
sz002705,小家电,2025-12-12
sz002706,电网设备,2025-12-12
sz002707,旅游及酒店,2025-12-12
sz002708,汽车零部件,2025-12-12
sz002712,文化传媒,2025-12-12
sz002715,汽车零部件,2025-12-12
sz002716,贵金属,2025-12-12
sz002718,建筑材料,2025-12-12
sz002719,食品加工制造,2025-12-12
sz002721,服装家纺,2025-12-12
sz002722,专用设备,2025-12-12
sz002723,光学光电子,2025-12-12
sz002724,光学光电子,2025-12-12
sz002725,汽车零部件,2025-12-12
sz002726,食品加工制造,2025-12-12
sz002727,医药商业,2025-12-12
sz002728,中药,2025-12-12
sz002729,其他电子,2025-12-12
sz002730,专用设备,2025-12-12
sz002731,服装家纺,2025-12-12
sz002732,饮料制造,2025-12-12
sz002733,电池,2025-12-12
sz002734,农化制品,2025-12-12
sz002735,包装印刷,2025-12-12
sz002736,证券,2025-12-12
sz002737,中药,2025-12-12
sz002739,影视院线,2025-12-12
sz002741,电子化学品,2025-12-12
sz002743,建筑装饰,2025-12-12
sz002745,光学光电子,2025-12-12
sz002746,养殖业,2025-12-12
sz002747,自动化设备,2025-12-12
sz002748,化学原料,2025-12-12
sz002749,农化制品,2025-12-12
sz002752,包装印刷,2025-12-12
sz002753,橡胶制品,2025-12-12
sz002755,化学制药,2025-12-12
sz002757,专用设备,2025-12-12
sz002758,农化制品,2025-12-12
sz002760,通用设备,2025-12-12
sz002761,建筑装饰,2025-12-12
sz002763,服装家纺,2025-12-12
sz002765,汽车零部件,2025-12-12
sz002766,汽车零部件,2025-12-12
sz002767,通用设备,2025-12-12
sz002771,IT服务,2025-12-12
sz002772,种植业与林业,2025-12-12
sz002774,专用设备,2025-12-12
sz002775,建筑装饰,2025-12-12
sz002777,IT服务,2025-12-12
sz002778,环境治理,2025-12-12
sz002780,服装家纺,2025-12-12
sz002782,其他电子,2025-12-12
sz002783,化学制品,2025-12-12
sz002786,专用设备,2025-12-12
sz002787,包装印刷,2025-12-12
sz002788,医药商业,2025-12-12
sz002790,家居用品,2025-12-12
sz002791,建筑材料,2025-12-12
sz002792,通信设备,2025-12-12
sz002793,化学制药,2025-12-12
sz002795,通用设备,2025-12-12
sz002796,通信设备,2025-12-12
sz002797,证券,2025-12-12
sz002798,家居用品,2025-12-12
sz002799,包装印刷,2025-12-12
sz002800,物流,2025-12-12
sz002802,化学制品,2025-12-12
sz002803,互联网电商,2025-12-12
sz002805,电池,2025-12-12
sz002806,汽车零部件,2025-12-12
sz002807,银行,2025-12-12
sz002809,化学制品,2025-12-12
sz002810,化学制品,2025-12-12
sz002811,建筑装饰,2025-12-12
sz002813,汽车零部件,2025-12-12
sz002815,元件,2025-12-12
sz002817,医疗器械,2025-12-12
sz002818,零售,2025-12-12
sz002819,通用设备,2025-12-12
sz002820,食品加工制造,2025-12-12
sz002823,电机,2025-12-12
sz002824,工业金属,2025-12-12
sz002825,塑料制品,2025-12-12
sz002826,化学制药,2025-12-12
sz002828,油气开采及服务,2025-12-12
sz002829,军工装备,2025-12-12
sz002830,建筑装饰,2025-12-12
sz002831,包装印刷,2025-12-12
sz002832,服装家纺,2025-12-12
sz002833,专用设备,2025-12-12
sz002835,计算机设备,2025-12-12
sz002836,包装印刷,2025-12-12
sz002838,塑料制品,2025-12-12
sz002839,银行,2025-12-12
sz002840,食品加工制造,2025-12-12
sz002842,小金属,2025-12-12
sz002843,通用设备,2025-12-12
sz002845,光学光电子,2025-12-12
sz002846,包装印刷,2025-12-12
sz002849,通用设备,2025-12-12
sz002852,农产品加工,2025-12-12
sz002855,消费电子,2025-12-12
sz002856,建筑装饰,2025-12-12
sz002857,电网设备,2025-12-12
sz002858,其他社会服务,2025-12-12
sz002859,其他电子,2025-12-12
sz002860,白色家电,2025-12-12
sz002861,消费电子,2025-12-12
sz002863,汽车零部件,2025-12-12
sz002866,消费电子,2025-12-12
sz002867,服装家纺,2025-12-12
sz002869,计算机设备,2025-12-12
sz002871,通用设备,2025-12-12
sz002873,中药,2025-12-12
sz002875,服装家纺,2025-12-12
sz002876,光学光电子,2025-12-12
sz002877,通用设备,2025-12-12
sz002878,文化传媒,2025-12-12
sz002879,电网设备,2025-12-12
sz002880,生物制品,2025-12-12
sz002883,建筑装饰,2025-12-12
sz002884,通用设备,2025-12-12
sz002885,其他电子,2025-12-12
sz002886,塑料制品,2025-12-12
sz002887,环境治理,2025-12-12
sz002888,消费电子,2025-12-12
sz002889,物流,2025-12-12
sz002890,专用设备,2025-12-12
sz002892,电机,2025-12-12
sz002893,电力,2025-12-12
sz002899,家居用品,2025-12-12
sz002900,化学制药,2025-12-12
sz002902,通信设备,2025-12-12
sz002903,通用设备,2025-12-12
sz002905,影视院线,2025-12-12
sz002906,汽车零部件,2025-12-12
sz002907,中药,2025-12-12
sz002908,IT服务,2025-12-12
sz002909,化学制品,2025-12-12
sz002910,饮料制造,2025-12-12
sz002911,燃气,2025-12-12
sz002915,化学制品,2025-12-12
sz002917,化学制品,2025-12-12
sz002918,家居用品,2025-12-12
sz002919,游戏,2025-12-12
sz002921,汽车零部件,2025-12-12
sz002923,化学制药,2025-12-12
sz002925,消费电子,2025-12-12
sz002926,证券,2025-12-12
sz002928,机场航运,2025-12-12
sz002930,物流,2025-12-12
sz002931,通用设备,2025-12-12
sz002932,医疗器械,2025-12-12
sz002935,军工电子,2025-12-12
sz002936,银行,2025-12-12
sz002937,汽车零部件,2025-12-12
sz002939,证券,2025-12-12
sz002941,建筑装饰,2025-12-12
sz002942,农化制品,2025-12-12
sz002945,证券,2025-12-12
sz002946,饮料制造,2025-12-12
sz002948,银行,2025-12-12
sz002949,建筑装饰,2025-12-12
sz002950,医疗器械,2025-12-12
sz002951,其他电源设备,2025-12-12
sz002952,光学光电子,2025-12-12
sz002953,电网设备,2025-12-12
sz002955,光学光电子,2025-12-12
sz002956,食品加工制造,2025-12-12
sz002957,自动化设备,2025-12-12
sz002958,银行,2025-12-12
sz002960,专用设备,2025-12-12
sz002961,多元金融,2025-12-12
sz002962,光学光电子,2025-12-12
sz002963,建筑装饰,2025-12-12
sz002966,银行,2025-12-12
sz002967,其他社会服务,2025-12-12
sz002968,房地产,2025-12-12
sz002972,轨交设备,2025-12-12
sz002973,环境治理,2025-12-12
sz002976,汽车零部件,2025-12-12
sz002980,电网设备,2025-12-12
sz002981,消费电子,2025-12-12
sz002982,养殖业,2025-12-12
sz002983,光学光电子,2025-12-12
sz002984,汽车零部件,2025-12-12
sz002985,军工装备,2025-12-12
sz002986,石油加工贸易,2025-12-12
sz002987,软件开发,2025-12-12
sz002990,计算机设备,2025-12-12
sz002995,文化传媒,2025-12-12
sz002996,工业金属,2025-12-12
sz002998,化学纤维,2025-12-12
sz002999,农化制品,2025-12-12
sz003000,食品加工制造,2025-12-12
sz003001,建筑装饰,2025-12-12
sz003002,化学制品,2025-12-12
sz003003,包装印刷,2025-12-12
sz003005,IT服务,2025-12-12
sz003006,美容护理,2025-12-12
sz003008,其他社会服务,2025-12-12
sz003011,家居用品,2025-12-12
sz003012,家居用品,2025-12-12
sz003013,建筑装饰,2025-12-12
sz003015,光学光电子,2025-12-12
sz003016,服装家纺,2025-12-12
sz003018,包装印刷,2025-12-12
sz003020,化学制药,2025-12-12
sz003022,光伏设备,2025-12-12
sz003023,小家电,2025-12-12
sz003025,通用设备,2025-12-12
sz003027,环境治理,2025-12-12
sz003028,白色家电,2025-12-12
sz003029,软件开发,2025-12-12
sz003030,农产品加工,2025-12-12
sz003035,电力,2025-12-12
sz003036,专用设备,2025-12-12
sz003037,建筑材料,2025-12-12
sz003038,工业金属,2025-12-12
sz003039,环境治理,2025-12-12
sz003040,通信设备,2025-12-12
sz003042,农化制品,2025-12-12
sz003816,电力,2025-12-12
sh600000,银行,2025-12-12
sh600004,机场航运,2025-12-12
sh600006,汽车整车,2025-12-12
sh600007,房地产,2025-12-12
sh600008,环境治理,2025-12-12
sh600010,钢铁,2025-12-12
sh600011,电力,2025-12-12
sh600012,公路铁路运输,2025-12-12
sh600015,银行,2025-12-12
sh600016,银行,2025-12-12
sh600017,港口航运,2025-12-12
sh600018,港口航运,2025-12-12
sh600019,钢铁,2025-12-12
sh600020,公路铁路运输,2025-12-12
sh600021,电力,2025-12-12
sh600022,钢铁,2025-12-12
sh600023,电力,2025-12-12
sh600025,电力,2025-12-12
sh600026,港口航运,2025-12-12
sh600027,电力,2025-12-12
sh600028,石油加工贸易,2025-12-12
sh600029,机场航运,2025-12-12
sh600030,证券,2025-12-12
sh600031,工程机械,2025-12-12
sh600032,电力,2025-12-12
sh600033,公路铁路运输,2025-12-12
sh600035,公路铁路运输,2025-12-12
sh600037,文化传媒,2025-12-12
sh600039,建筑装饰,2025-12-12
sh600048,房地产,2025-12-12
sh600050,通信服务,2025-12-12
sh600051,综合,2025-12-12
sh600052,电力,2025-12-12
sh600053,多元金融,2025-12-12
sh600054,旅游及酒店,2025-12-12
sh600055,医疗器械,2025-12-12
sh600056,医药商业,2025-12-12
sh600057,物流,2025-12-12
sh600058,贸易,2025-12-12
sh600059,饮料制造,2025-12-12
sh600060,黑色家电,2025-12-12
sh600061,证券,2025-12-12
sh600062,化学制药,2025-12-12
sh600063,化学纤维,2025-12-12
sh600064,房地产,2025-12-12
sh600067,电网设备,2025-12-12
sh600071,光学光电子,2025-12-12
sh600072,风电设备,2025-12-12
sh600073,食品加工制造,2025-12-12
sh600075,化学原料,2025-12-12
sh600076,包装印刷,2025-12-12
sh600078,农化制品,2025-12-12
sh600079,化学制药,2025-12-12
sh600080,中药,2025-12-12
sh600081,汽车零部件,2025-12-12
sh600082,房地产,2025-12-12
sh600084,饮料制造,2025-12-12
sh600088,影视院线,2025-12-12
sh600089,综合,2025-12-12
sh600094,房地产,2025-12-12
sh600095,证券,2025-12-12
sh600096,农化制品,2025-12-12
sh600097,养殖业,2025-12-12
sh600098,电力,2025-12-12
sh600099,汽车服务及其他,2025-12-12
sh600100,计算机设备,2025-12-12
sh600101,电力,2025-12-12
sh600103,造纸,2025-12-12
sh600104,汽车整车,2025-12-12
sh600105,通信设备,2025-12-12
sh600106,公路铁路运输,2025-12-12
sh600108,种植业与林业,2025-12-12
sh600109,证券,2025-12-12
sh600110,电池,2025-12-12
sh600115,机场航运,2025-12-12
sh600116,电力,2025-12-12
sh600117,钢铁,2025-12-12
sh600119,物流,2025-12-12
sh600120,多元金融,2025-12-12
sh600121,煤炭开采加工,2025-12-12
sh600123,煤炭开采加工,2025-12-12
sh600125,公路铁路运输,2025-12-12
sh600126,钢铁,2025-12-12
sh600127,农产品加工,2025-12-12
sh600128,贸易,2025-12-12
sh600129,中药,2025-12-12
sh600131,IT服务,2025-12-12
sh600133,环境治理,2025-12-12
sh600135,塑料制品,2025-12-12
sh600137,服装家纺,2025-12-12
sh600138,旅游及酒店,2025-12-12
sh600143,塑料制品,2025-12-12
sh600148,汽车零部件,2025-12-12
sh600149,电力,2025-12-12
sh600152,电池,2025-12-12
sh600153,物流,2025-12-12
sh600155,证券,2025-12-12
sh600156,纺织制造,2025-12-12
sh600157,电力,2025-12-12
sh600158,其他社会服务,2025-12-12
sh600159,房地产,2025-12-12
sh600161,生物制品,2025-12-12
sh600162,房地产,2025-12-12
sh600163,电力,2025-12-12
sh600166,汽车整车,2025-12-12
sh600167,电力,2025-12-12
sh600168,环境治理,2025-12-12
sh600170,建筑装饰,2025-12-12
sh600172,通用设备,2025-12-12
sh600173,房地产,2025-12-12
sh600176,建筑材料,2025-12-12
sh600177,服装家纺,2025-12-12
sh600178,汽车零部件,2025-12-12
sh600179,港口航运,2025-12-12
sh600180,物流,2025-12-12
sh600182,汽车零部件,2025-12-12
sh600184,军工装备,2025-12-12
sh600185,零售,2025-12-12
sh600186,食品加工制造,2025-12-12
sh600187,环境治理,2025-12-12
sh600188,煤炭开采加工,2025-12-12
sh600189,饮料制造,2025-12-12
sh600191,农产品加工,2025-12-12
sh600195,养殖业,2025-12-12
sh600196,化学制药,2025-12-12
sh600197,白酒,2025-12-12
sh600198,通信设备,2025-12-12
sh600199,白酒,2025-12-12
sh600200,化学制药,2025-12-12
sh600201,养殖业,2025-12-12
sh600202,通用设备,2025-12-12
sh600203,消费电子,2025-12-12
sh600206,半导体,2025-12-12
sh600207,光伏设备,2025-12-12
sh600208,房地产,2025-12-12
sh600210,包装印刷,2025-12-12
sh600212,其他电源设备,2025-12-12
sh600215,自动化设备,2025-12-12
sh600216,化学制药,2025-12-12
sh600217,环境治理,2025-12-12
sh600218,汽车零部件,2025-12-12
sh600219,工业金属,2025-12-12
sh600221,机场航运,2025-12-12
sh600222,中药,2025-12-12
sh600223,美容护理,2025-12-12
sh600226,电力,2025-12-12
sh600227,农化制品,2025-12-12
sh600229,文化传媒,2025-12-12
sh600230,化学制品,2025-12-12
sh600232,纺织制造,2025-12-12
sh600233,物流,2025-12-12
sh600234,建筑装饰,2025-12-12
sh600235,造纸,2025-12-12
sh600236,电力,2025-12-12
sh600237,元件,2025-12-12
sh600239,零售,2025-12-12
sh600241,电池,2025-12-12
sh600246,房地产,2025-12-12
sh600248,建筑装饰,2025-12-12
sh600249,美容护理,2025-12-12
sh600250,旅游及酒店,2025-12-12
sh600251,农产品加工,2025-12-12
sh600252,中药,2025-12-12
sh600255,金属新材料,2025-12-12
sh600256,油气开采及服务,2025-12-12
sh600257,养殖业,2025-12-12
sh600258,旅游及酒店,2025-12-12
sh600261,光学光电子,2025-12-12
sh600262,专用设备,2025-12-12
sh600266,房地产,2025-12-12
sh600267,化学制药,2025-12-12
sh600268,电网设备,2025-12-12
sh600269,公路铁路运输,2025-12-12
sh600271,IT服务,2025-12-12
sh600272,医药商业,2025-12-12
sh600273,化学制品,2025-12-12
sh600278,贸易,2025-12-12
sh600279,港口航运,2025-12-12
sh600280,零售,2025-12-12
sh600282,钢铁,2025-12-12
sh600283,环境治理,2025-12-12
sh600284,建筑装饰,2025-12-12
sh600285,中药,2025-12-12
sh600287,贸易,2025-12-12
sh600288,软件开发,2025-12-12
sh600292,电力,2025-12-12
sh600293,建筑材料,2025-12-12
sh600295,钢铁,2025-12-12
sh600299,化学制品,2025-12-12
sh600300,饮料制造,2025-12-12
sh600302,专用设备,2025-12-12
sh600303,汽车整车,2025-12-12
sh600305,食品加工制造,2025-12-12
sh600307,钢铁,2025-12-12
sh600308,造纸,2025-12-12
sh600310,电力,2025-12-12
sh600312,电网设备,2025-12-12
sh600313,种植业与林业,2025-12-12
sh600315,美容护理,2025-12-12
sh600318,多元金融,2025-12-12
sh600319,化学原料,2025-12-12
sh600320,专用设备,2025-12-12
sh600322,房地产,2025-12-12
sh600325,房地产,2025-12-12
sh600326,建筑材料,2025-12-12
sh600327,零售,2025-12-12
sh600328,化学原料,2025-12-12
sh600330,电子化学品,2025-12-12
sh600331,农化制品,2025-12-12
sh600332,中药,2025-12-12
sh600333,燃气,2025-12-12
sh600335,汽车服务及其他,2025-12-12
sh600336,白色家电,2025-12-12
sh600337,家居用品,2025-12-12
sh600338,工业金属,2025-12-12
sh600339,油气开采及服务,2025-12-12
sh600340,房地产,2025-12-12
sh600345,通信设备,2025-12-12
sh600346,石油加工贸易,2025-12-12
sh600348,煤炭开采加工,2025-12-12
sh600350,公路铁路运输,2025-12-12
sh600351,中药,2025-12-12
sh600352,化学制品,2025-12-12
sh600353,其他电子,2025-12-12
sh600354,种植业与林业,2025-12-12
sh600356,造纸,2025-12-12
sh600359,种植业与林业,2025-12-12
sh600361,工业金属,2025-12-12
sh600366,金属新材料,2025-12-12
sh600367,化学原料,2025-12-12
sh600368,公路铁路运输,2025-12-12
sh600369,证券,2025-12-12
sh600370,化学纤维,2025-12-12
sh600371,种植业与林业,2025-12-12
sh600372,军工装备,2025-12-12
sh600373,文化传媒,2025-12-12
sh600375,汽车整车,2025-12-12
sh600376,房地产,2025-12-12
sh600377,公路铁路运输,2025-12-12
sh600379,电网设备,2025-12-12
sh600380,化学制药,2025-12-12
sh600382,钢铁,2025-12-12
sh600383,房地产,2025-12-12
sh600386,汽车服务及其他,2025-12-12
sh600388,环保设备,2025-12-12
sh600389,农化制品,2025-12-12
sh600390,多元金融,2025-12-12
sh600391,军工装备,2025-12-12
sh600392,小金属,2025-12-12
sh600395,煤炭开采加工,2025-12-12
sh600396,电力,2025-12-12
sh600397,专用设备,2025-12-12
sh600398,服装家纺,2025-12-12
sh600399,钢铁,2025-12-12
sh600400,服装家纺,2025-12-12
sh600403,煤炭开采加工,2025-12-12
sh600405,其他电源设备,2025-12-12
sh600406,电网设备,2025-12-12
sh600408,煤炭开采加工,2025-12-12
sh600409,化学原料,2025-12-12
sh600410,IT服务,2025-12-12
sh600415,零售,2025-12-12
sh600416,电机,2025-12-12
sh600419,饮料制造,2025-12-12
sh600420,化学制药,2025-12-12
sh600422,中药,2025-12-12
sh600423,化学原料,2025-12-12
sh600425,建筑材料,2025-12-12
sh600426,农化制品,2025-12-12
sh600428,港口航运,2025-12-12
sh600429,饮料制造,2025-12-12
sh600433,造纸,2025-12-12
sh600435,军工装备,2025-12-12
sh600438,光伏设备,2025-12-12
sh600439,服装家纺,2025-12-12
sh600444,专用设备,2025-12-12
sh600446,IT服务,2025-12-12
sh600448,纺织制造,2025-12-12
sh600449,建筑材料,2025-12-12
sh600452,电力,2025-12-12
sh600455,教育,2025-12-12
sh600458,风电设备,2025-12-12
sh600459,小金属,2025-12-12
sh600460,半导体,2025-12-12
sh600461,环境治理,2025-12-12
sh600463,房地产,2025-12-12
sh600467,养殖业,2025-12-12
sh600468,电网设备,2025-12-12
sh600469,汽车零部件,2025-12-12
sh600470,农化制品,2025-12-12
sh600475,电力,2025-12-12
sh600476,IT服务,2025-12-12
sh600477,建筑装饰,2025-12-12
sh600478,电池,2025-12-12
sh600479,中药,2025-12-12
sh600480,汽车零部件,2025-12-12
sh600481,光伏设备,2025-12-12
sh600482,其他电源设备,2025-12-12
sh600483,电力,2025-12-12
sh600487,通信设备,2025-12-12
sh600488,化学制药,2025-12-12
sh600489,贵金属,2025-12-12
sh600490,工业金属,2025-12-12
sh600491,建筑装饰,2025-12-12
sh600495,轨交设备,2025-12-12
sh600496,建筑装饰,2025-12-12
sh600497,工业金属,2025-12-12
sh600498,通信设备,2025-12-12
sh600499,专用设备,2025-12-12
sh600500,化学制品,2025-12-12
sh600501,专用设备,2025-12-12
sh600502,建筑装饰,2025-12-12
sh600503,房地产,2025-12-12
sh600505,电力,2025-12-12
sh600506,石油加工贸易,2025-12-12
sh600507,钢铁,2025-12-12
sh600508,煤炭开采加工,2025-12-12
sh600509,电力,2025-12-12
sh600510,房地产,2025-12-12
sh600511,医药商业,2025-12-12
sh600512,建筑装饰,2025-12-12
sh600513,化学制药,2025-12-12
sh600515,机场航运,2025-12-12
sh600516,钢铁,2025-12-12
sh600517,多元金融,2025-12-12
sh600518,中药,2025-12-12
sh600520,专用设备,2025-12-12
sh600521,化学制药,2025-12-12
sh600522,通信设备,2025-12-12
sh600523,汽车零部件,2025-12-12
sh600526,环保设备,2025-12-12
sh600527,化学纤维,2025-12-12
sh600528,轨交设备,2025-12-12
sh600529,医疗器械,2025-12-12
sh600530,食品加工制造,2025-12-12
sh600531,工业金属,2025-12-12
sh600533,房地产,2025-12-12
sh600535,中药,2025-12-12
sh600537,光伏设备,2025-12-12
sh600538,医疗器械,2025-12-12
sh600539,互联网电商,2025-12-12
sh600540,种植业与林业,2025-12-12
sh600543,饮料制造,2025-12-12
sh600545,专用设备,2025-12-12
sh600546,煤炭开采加工,2025-12-12
sh600548,公路铁路运输,2025-12-12
sh600551,文化传媒,2025-12-12
sh600552,光学光电子,2025-12-12
sh600556,文化传媒,2025-12-12
sh600557,中药,2025-12-12
sh600558,通用设备,2025-12-12
sh600559,白酒,2025-12-12
sh600560,专用设备,2025-12-12
sh600561,公路铁路运输,2025-12-12
sh600562,军工电子,2025-12-12
sh600566,中药,2025-12-12
sh600567,造纸,2025-12-12
sh600569,钢铁,2025-12-12
sh600570,软件开发,2025-12-12
sh600571,软件开发,2025-12-12
sh600572,中药,2025-12-12
sh600573,饮料制造,2025-12-12
sh600575,电力,2025-12-12
sh600576,旅游及酒店,2025-12-12
sh600577,电网设备,2025-12-12
sh600578,电力,2025-12-12
sh600579,专用设备,2025-12-12
sh600581,钢铁,2025-12-12
sh600582,专用设备,2025-12-12
sh600583,油气开采及服务,2025-12-12
sh600585,建筑材料,2025-12-12
sh600586,化学原料,2025-12-12
sh600587,医疗器械,2025-12-12
sh600588,软件开发,2025-12-12
sh600589,IT服务,2025-12-12
sh600590,军工电子,2025-12-12
sh600592,通用设备,2025-12-12
sh600594,中药,2025-12-12
sh600595,工业金属,2025-12-12
sh600596,农化制品,2025-12-12
sh600597,饮料制造,2025-12-12
sh600598,种植业与林业,2025-12-12
sh600601,元件,2025-12-12
sh600602,软件开发,2025-12-12
sh600603,物流,2025-12-12
sh600604,房地产,2025-12-12
sh600605,零售,2025-12-12
sh600606,房地产,2025-12-12
sh600609,汽车零部件,2025-12-12
sh600610,化学原料,2025-12-12
sh600611,公路铁路运输,2025-12-12
sh600613,化学制药,2025-12-12
sh600615,工业金属,2025-12-12
sh600616,饮料制造,2025-12-12
sh600617,燃气,2025-12-12
sh600618,化学原料,2025-12-12
sh600619,白色家电,2025-12-12
sh600620,综合,2025-12-12
sh600621,证券,2025-12-12
sh600622,房地产,2025-12-12
sh600623,化学原料,2025-12-12
sh600626,汽车零部件,2025-12-12
sh600628,零售,2025-12-12
sh600629,建筑装饰,2025-12-12
sh600633,游戏,2025-12-12
sh600635,燃气,2025-12-12
sh600637,文化传媒,2025-12-12
sh600638,房地产,2025-12-12
sh600639,房地产,2025-12-12
sh600640,文化传媒,2025-12-12
sh600641,半导体,2025-12-12
sh600642,电力,2025-12-12
sh600643,多元金融,2025-12-12
sh600644,电力,2025-12-12
sh600645,医疗器械,2025-12-12
sh600648,房地产,2025-12-12
sh600649,房地产,2025-12-12
sh600650,公路铁路运输,2025-12-12
sh600651,汽车零部件,2025-12-12
sh600653,汽车服务及其他,2025-12-12
sh600654,其他社会服务,2025-12-12
sh600655,零售,2025-12-12
sh600657,房地产,2025-12-12
sh600658,房地产,2025-12-12
sh600661,教育,2025-12-12
sh600662,其他社会服务,2025-12-12
sh600663,房地产,2025-12-12
sh600664,化学制药,2025-12-12
sh600665,房地产,2025-12-12
sh600666,电子化学品,2025-12-12
sh600667,建筑装饰,2025-12-12
sh600668,建筑材料,2025-12-12
sh600671,中药,2025-12-12
sh600673,综合,2025-12-12
sh600674,电力,2025-12-12
sh600675,房地产,2025-12-12
sh600676,综合,2025-12-12
sh600678,建筑材料,2025-12-12
sh600679,汽车服务及其他,2025-12-12
sh600681,燃气,2025-12-12
sh600682,综合,2025-12-12
sh600683,房地产,2025-12-12
sh600684,房地产,2025-12-12
sh600685,军工装备,2025-12-12
sh600686,汽车整车,2025-12-12
sh600688,石油加工贸易,2025-12-12
sh600689,综合,2025-12-12
sh600690,白色家电,2025-12-12
sh600691,农化制品,2025-12-12
sh600692,房地产,2025-12-12
sh600693,零售,2025-12-12
sh600694,零售,2025-12-12
sh600697,零售,2025-12-12
sh600698,汽车零部件,2025-12-12
sh600699,汽车零部件,2025-12-12
sh600703,光学光电子,2025-12-12
sh600704,物流,2025-12-12
sh600706,旅游及酒店,2025-12-12
sh600707,光学光电子,2025-12-12
sh600708,房地产,2025-12-12
sh600710,贸易,2025-12-12
sh600711,工业金属,2025-12-12
sh600712,零售,2025-12-12
sh600713,医药商业,2025-12-12
sh600714,化学原料,2025-12-12
sh600715,影视院线,2025-12-12
sh600716,房地产,2025-12-12
sh600717,港口航运,2025-12-12
sh600718,IT服务,2025-12-12
sh600719,电力,2025-12-12
sh600720,建筑装饰,2025-12-12
sh600721,医疗服务,2025-12-12
sh600722,化学原料,2025-12-12
sh600724,房地产,2025-12-12
sh600725,贸易,2025-12-12
sh600726,煤炭开采加工,2025-12-12
sh600727,化学制品,2025-12-12
sh600728,IT服务,2025-12-12
sh600729,零售,2025-12-12
sh600731,农化制品,2025-12-12
sh600732,光伏设备,2025-12-12
sh600733,汽车整车,2025-12-12
sh600734,IT服务,2025-12-12
sh600736,房地产,2025-12-12
sh600737,农产品加工,2025-12-12
sh600738,零售,2025-12-12
sh600739,生物制品,2025-12-12
sh600740,煤炭开采加工,2025-12-12
sh600741,汽车零部件,2025-12-12
sh600742,汽车零部件,2025-12-12
sh600743,零售,2025-12-12
sh600744,电力,2025-12-12
sh600746,化学原料,2025-12-12
sh600748,房地产,2025-12-12
sh600749,旅游及酒店,2025-12-12
sh600750,中药,2025-12-12
sh600751,港口航运,2025-12-12
sh600754,旅游及酒店,2025-12-12
sh600755,物流,2025-12-12
sh600756,IT服务,2025-12-12
sh600757,文化传媒,2025-12-12
sh600758,煤炭开采加工,2025-12-12
sh600759,油气开采及服务,2025-12-12
sh600761,工程机械,2025-12-12
sh600764,军工装备,2025-12-12
sh600765,军工装备,2025-12-12
sh600768,电网设备,2025-12-12
sh600769,环境治理,2025-12-12
sh600770,综合,2025-12-12
sh600771,中药,2025-12-12
sh600773,房地产,2025-12-12
sh600774,化学制药,2025-12-12
sh600775,通信设备,2025-12-12
sh600778,零售,2025-12-12
sh600780,电力,2025-12-12
sh600782,钢铁,2025-12-12
sh600783,多元金融,2025-12-12
sh600784,化学原料,2025-12-12
sh600785,零售,2025-12-12
sh600787,物流,2025-12-12
sh600789,化学制药,2025-12-12
sh600790,零售,2025-12-12
sh600791,房地产,2025-12-12
sh600792,煤炭开采加工,2025-12-12
sh600793,造纸,2025-12-12
sh600794,物流,2025-12-12
sh600795,电力,2025-12-12
sh600796,环境治理,2025-12-12
sh600797,IT服务,2025-12-12
sh600798,港口航运,2025-12-12
sh600800,石油加工贸易,2025-12-12
sh600801,建筑材料,2025-12-12
sh600802,建筑材料,2025-12-12
sh600803,燃气,2025-12-12
sh600805,综合,2025-12-12
sh600807,医疗器械,2025-12-12
sh600808,钢铁,2025-12-12
sh600810,化学纤维,2025-12-12
sh600812,化学制药,2025-12-12
sh600814,零售,2025-12-12
sh600815,工程机械,2025-12-12
sh600816,多元金融,2025-12-12
sh600817,环保设备,2025-12-12
sh600818,汽车服务及其他,2025-12-12
sh600819,建筑材料,2025-12-12
sh600820,建筑装饰,2025-12-12
sh600821,电力,2025-12-12
sh600822,汽车服务及其他,2025-12-12
sh600824,零售,2025-12-12
sh600825,文化传媒,2025-12-12
sh600826,其他社会服务,2025-12-12
sh600827,零售,2025-12-12
sh600828,零售,2025-12-12
sh600829,医药商业,2025-12-12
sh600830,多元金融,2025-12-12
sh600831,文化传媒,2025-12-12
sh600833,医药商业,2025-12-12
sh600834,公路铁路运输,2025-12-12
sh600835,专用设备,2025-12-12
sh600838,零售,2025-12-12
sh600839,黑色家电,2025-12-12
sh600841,汽车零部件,2025-12-12
sh600843,专用设备,2025-12-12
sh600844,化学原料,2025-12-12
sh600845,IT服务,2025-12-12
sh600846,建筑装饰,2025-12-12
sh600847,电池,2025-12-12
sh600848,房地产,2025-12-12
sh600850,IT服务,2025-12-12
sh600851,化学制药,2025-12-12
sh600853,建筑装饰,2025-12-12
sh600854,房地产,2025-12-12
sh600857,零售,2025-12-12
sh600858,零售,2025-12-12
sh600859,零售,2025-12-12
sh600860,通用设备,2025-12-12
sh600861,其他社会服务,2025-12-12
sh600862,军工装备,2025-12-12
sh600863,电力,2025-12-12
sh600864,证券,2025-12-12
sh600866,化学制品,2025-12-12
sh600867,生物制品,2025-12-12
sh600869,电网设备,2025-12-12
sh600871,油气开采及服务,2025-12-12
sh600872,食品加工制造,2025-12-12
sh600873,化学制品,2025-12-12
sh600874,环境治理,2025-12-12
sh600876,光伏设备,2025-12-12
sh600877,半导体,2025-12-12
sh600879,军工装备,2025-12-12
sh600880,教育,2025-12-12
sh600881,综合,2025-12-12
sh600882,饮料制造,2025-12-12
sh600883,种植业与林业,2025-12-12
sh600884,光学光电子,2025-12-12
sh600886,电力,2025-12-12
sh600887,饮料制造,2025-12-12
sh600888,工业金属,2025-12-12
sh600889,化学纤维,2025-12-12
sh600894,专用设备,2025-12-12
sh600897,机场航运,2025-12-12
sh600900,电力,2025-12-12
sh600901,多元金融,2025-12-12
sh600903,燃气,2025-12-12
sh600905,电力,2025-12-12
sh600906,证券,2025-12-12
sh600908,银行,2025-12-12
sh600909,证券,2025-12-12
sh600916,服装家纺,2025-12-12
sh600917,燃气,2025-12-12
sh600918,证券,2025-12-12
sh600919,银行,2025-12-12
sh600925,煤炭开采加工,2025-12-12
sh600926,银行,2025-12-12
sh600927,多元金融,2025-12-12
sh600928,银行,2025-12-12
sh600929,化学原料,2025-12-12
sh600933,汽车零部件,2025-12-12
sh600935,化学原料,2025-12-12
sh600938,油气开采及服务,2025-12-12
sh600939,建筑装饰,2025-12-12
sh600955,化学原料,2025-12-12
sh600956,电力,2025-12-12
sh600958,证券,2025-12-12
sh600959,文化传媒,2025-12-12
sh600960,汽车零部件,2025-12-12
sh600961,工业金属,2025-12-12
sh600962,饮料制造,2025-12-12
sh600963,造纸,2025-12-12
sh600965,养殖业,2025-12-12
sh600966,造纸,2025-12-12
sh600967,军工装备,2025-12-12
sh600968,油气开采及服务,2025-12-12
sh600969,电力,2025-12-12
sh600970,建筑装饰,2025-12-12
sh600971,煤炭开采加工,2025-12-12
sh600973,电网设备,2025-12-12
sh600975,养殖业,2025-12-12
sh600977,影视院线,2025-12-12
sh600979,电力,2025-12-12
sh600980,专用设备,2025-12-12
sh600981,贸易,2025-12-12
sh600982,电力,2025-12-12
sh600983,白色家电,2025-12-12
sh600984,工程机械,2025-12-12
sh600985,煤炭开采加工,2025-12-12
sh600986,文化传媒,2025-12-12
sh600987,纺织制造,2025-12-12
sh600989,化学原料,2025-12-12
sh600992,通用设备,2025-12-12
sh600993,中药,2025-12-12
sh600995,电力,2025-12-12
sh600996,文化传媒,2025-12-12
sh600997,煤炭开采加工,2025-12-12
sh600998,医药商业,2025-12-12
sh600999,证券,2025-12-12
sh601000,港口航运,2025-12-12
sh601001,煤炭开采加工,2025-12-12
sh601002,通用设备,2025-12-12
sh601003,钢铁,2025-12-12
sh601005,钢铁,2025-12-12
sh601006,公路铁路运输,2025-12-12
sh601007,旅游及酒店,2025-12-12
sh601008,港口航运,2025-12-12
sh601009,银行,2025-12-12
sh601010,零售,2025-12-12
sh601011,煤炭开采加工,2025-12-12
sh601012,光伏设备,2025-12-12
sh601015,煤炭开采加工,2025-12-12
sh601016,电力,2025-12-12
sh601018,港口航运,2025-12-12
sh601019,文化传媒,2025-12-12
sh601020,工业金属,2025-12-12
sh601022,港口航运,2025-12-12
sh601033,环境治理,2025-12-12
sh601038,专用设备,2025-12-12
sh601058,汽车零部件,2025-12-12
sh601059,证券,2025-12-12
sh601061,贸易,2025-12-12
sh601065,化学原料,2025-12-12
sh601066,证券,2025-12-12
sh601068,建筑装饰,2025-12-12
sh601069,贵金属,2025-12-12
sh601077,银行,2025-12-12
sh601083,港口航运,2025-12-12
sh601086,零售,2025-12-12
sh601089,化学制药,2025-12-12
sh601096,电网设备,2025-12-12
sh601098,文化传媒,2025-12-12
sh601099,证券,2025-12-12
sh601101,煤炭开采加工,2025-12-12
sh601107,公路铁路运输,2025-12-12
sh601108,证券,2025-12-12
sh601111,机场航运,2025-12-12
sh601113,化学纤维,2025-12-12
sh601116,零售,2025-12-12
sh601117,建筑装饰,2025-12-12
sh601118,种植业与林业,2025-12-12
sh601121,钢铁,2025-12-12
sh601128,银行,2025-12-12
sh601136,证券,2025-12-12
sh601137,金属新材料,2025-12-12
sh601139,燃气,2025-12-12
sh601155,房地产,2025-12-12
sh601156,物流,2025-12-12
sh601158,环境治理,2025-12-12
sh601162,证券,2025-12-12
sh601163,汽车零部件,2025-12-12
sh601166,银行,2025-12-12
sh601168,工业金属,2025-12-12
sh601169,银行,2025-12-12
sh601177,通用设备,2025-12-12
sh601187,银行,2025-12-12
sh601188,公路铁路运输,2025-12-12
sh601198,证券,2025-12-12
sh601199,环境治理,2025-12-12
sh601200,环境治理,2025-12-12
sh601208,塑料制品,2025-12-12
sh601211,证券,2025-12-12
sh601212,工业金属,2025-12-12
sh601216,化学原料,2025-12-12
sh601218,风电设备,2025-12-12
sh601222,电网设备,2025-12-12
sh601225,煤炭开采加工,2025-12-12
sh601226,建筑装饰,2025-12-12
sh601228,港口航运,2025-12-12
sh601229,银行,2025-12-12
sh601231,消费电子,2025-12-12
sh601233,化学纤维,2025-12-12
sh601236,证券,2025-12-12
sh601238,汽车整车,2025-12-12
sh601279,汽车零部件,2025-12-12
sh601288,银行,2025-12-12
sh601298,港口航运,2025-12-12
sh601311,电池,2025-12-12
sh601319,保险,2025-12-12
sh601326,港口航运,2025-12-12
sh601328,银行,2025-12-12
sh601330,环境治理,2025-12-12
sh601333,公路铁路运输,2025-12-12
sh601339,纺织制造,2025-12-12
sh601360,软件开发,2025-12-12
sh601366,零售,2025-12-12
sh601368,环境治理,2025-12-12
sh601369,专用设备,2025-12-12
sh601375,证券,2025-12-12
sh601377,证券,2025-12-12
sh601388,工业金属,2025-12-12
sh601390,建筑装饰,2025-12-12
sh601398,银行,2025-12-12
sh601456,证券,2025-12-12
sh601500,汽车零部件,2025-12-12
sh601512,房地产,2025-12-12
sh601515,包装印刷,2025-12-12
sh601518,公路铁路运输,2025-12-12
sh601519,软件开发,2025-12-12
sh601528,银行,2025-12-12
sh601555,证券,2025-12-12
sh601567,电网设备,2025-12-12
sh601568,化学原料,2025-12-12
sh601577,银行,2025-12-12
sh601579,饮料制造,2025-12-12
sh601588,房地产,2025-12-12
sh601595,影视院线,2025-12-12
sh601598,物流,2025-12-12
sh601599,纺织制造,2025-12-12
sh601600,工业金属,2025-12-12
sh601607,医药商业,2025-12-12
sh601608,专用设备,2025-12-12
sh601615,风电设备,2025-12-12
sh601616,电网设备,2025-12-12
sh601618,建筑装饰,2025-12-12
sh601633,汽车整车,2025-12-12
sh601636,建筑材料,2025-12-12
sh601658,银行,2025-12-12
sh601665,银行,2025-12-12
sh601666,煤炭开采加工,2025-12-12
sh601668,建筑装饰,2025-12-12
sh601669,建筑装饰,2025-12-12
sh601677,工业金属,2025-12-12
sh601678,化学原料,2025-12-12
sh601686,钢铁,2025-12-12
sh601688,证券,2025-12-12
sh601696,证券,2025-12-12
sh601698,军工装备,2025-12-12
sh601699,煤炭开采加工,2025-12-12
sh601702,工业金属,2025-12-12
sh601717,专用设备,2025-12-12
sh601718,服装家纺,2025-12-12
sh601727,其他电源设备,2025-12-12
sh601728,通信服务,2025-12-12
sh601766,轨交设备,2025-12-12
sh601777,汽车整车,2025-12-12
sh601778,电力,2025-12-12
sh601788,证券,2025-12-12
sh601789,建筑装饰,2025-12-12
sh601798,专用设备,2025-12-12
sh601800,建筑装饰,2025-12-12
sh601801,文化传媒,2025-12-12
sh601808,油气开采及服务,2025-12-12
sh601811,文化传媒,2025-12-12
sh601816,公路铁路运输,2025-12-12
sh601818,银行,2025-12-12
sh601825,银行,2025-12-12
sh601827,环境治理,2025-12-12
sh601828,零售,2025-12-12
sh601838,银行,2025-12-12
sh601857,石油加工贸易,2025-12-12
sh601858,文化传媒,2025-12-12
sh601860,银行,2025-12-12
sh601865,光伏设备,2025-12-12
sh601868,建筑装饰,2025-12-12
sh601872,港口航运,2025-12-12
sh601877,电网设备,2025-12-12
sh601878,证券,2025-12-12
sh601880,港口航运,2025-12-12
sh601881,证券,2025-12-12
sh601882,通用设备,2025-12-12
sh601886,建筑装饰,2025-12-12
sh601890,军工装备,2025-12-12
sh601898,煤炭开采加工,2025-12-12
sh601900,文化传媒,2025-12-12
sh601901,证券,2025-12-12
sh601908,电力,2025-12-12
sh601916,银行,2025-12-12
sh601918,煤炭开采加工,2025-12-12
sh601919,港口航运,2025-12-12
sh601921,文化传媒,2025-12-12
sh601928,文化传媒,2025-12-12
sh601929,文化传媒,2025-12-12
sh601933,零售,2025-12-12
sh601939,银行,2025-12-12
sh601949,文化传媒,2025-12-12
sh601952,种植业与林业,2025-12-12
sh601956,白色家电,2025-12-12
sh601958,小金属,2025-12-12
sh601963,银行,2025-12-12
sh601965,汽车服务及其他,2025-12-12
sh601966,汽车零部件,2025-12-12
sh601968,包装印刷,2025-12-12
sh601969,钢铁,2025-12-12
sh601975,港口航运,2025-12-12
sh601985,电力,2025-12-12
sh601988,银行,2025-12-12
sh601990,证券,2025-12-12
sh601991,电力,2025-12-12
sh601992,建筑材料,2025-12-12
sh601996,种植业与林业,2025-12-12
sh601997,银行,2025-12-12
sh601998,银行,2025-12-12
sh601999,文化传媒,2025-12-12
sh603000,文化传媒,2025-12-12
sh603001,服装家纺,2025-12-12
sh603002,电子化学品,2025-12-12
sh603004,化学制品,2025-12-12
sh603005,半导体,2025-12-12
sh603006,汽车零部件,2025-12-12
sh603008,家居用品,2025-12-12
sh603010,化学制品,2025-12-12
sh603011,专用设备,2025-12-12
sh603012,专用设备,2025-12-12
sh603013,汽车零部件,2025-12-12
sh603015,自动化设备,2025-12-12
sh603016,电网设备,2025-12-12
sh603017,建筑装饰,2025-12-12
sh603018,建筑装饰,2025-12-12
sh603020,化学制品,2025-12-12
sh603022,包装印刷,2025-12-12
sh603023,汽车零部件,2025-12-12
sh603025,自动化设备,2025-12-12
sh603027,食品加工制造,2025-12-12
sh603028,通用设备,2025-12-12
sh603029,专用设备,2025-12-12
sh603030,建筑装饰,2025-12-12
sh603032,电池,2025-12-12
sh603033,橡胶制品,2025-12-12
sh603035,汽车零部件,2025-12-12
sh603036,专用设备,2025-12-12
sh603037,汽车零部件,2025-12-12
sh603038,建筑材料,2025-12-12
sh603041,化学制品,2025-12-12
sh603042,通信设备,2025-12-12
sh603043,食品加工制造,2025-12-12
sh603045,电网设备,2025-12-12
sh603048,汽车零部件,2025-12-12
sh603050,电网设备,2025-12-12
sh603051,化学制品,2025-12-12
sh603053,燃气,2025-12-12
sh603055,纺织制造,2025-12-12
sh603056,物流,2025-12-12
sh603057,食品加工制造,2025-12-12
sh603058,包装印刷,2025-12-12
sh603060,其他社会服务,2025-12-12
sh603065,化学制品,2025-12-12
sh603066,物流,2025-12-12
sh603067,化学原料,2025-12-12
sh603069,公路铁路运输,2025-12-12
sh603070,电网设备,2025-12-12
sh603071,电力,2025-12-12
sh603073,纺织制造,2025-12-12
sh603075,白色家电,2025-12-12
sh603076,专用设备,2025-12-12
sh603077,农化制品,2025-12-12
sh603078,电子化学品,2025-12-12
sh603079,化学制品,2025-12-12
sh603080,燃气,2025-12-12
sh603081,专用设备,2025-12-12
sh603085,汽车零部件,2025-12-12
sh603086,农化制品,2025-12-12
sh603088,通用设备,2025-12-12
sh603089,汽车零部件,2025-12-12
sh603093,多元金融,2025-12-12
sh603095,专用设备,2025-12-12
sh603096,文化传媒,2025-12-12
sh603097,电网设备,2025-12-12
sh603098,建筑装饰,2025-12-12
sh603100,通用设备,2025-12-12
sh603101,零售,2025-12-12
sh603103,影视院线,2025-12-12
sh603105,电力,2025-12-12
sh603106,计算机设备,2025-12-12
sh603107,汽车零部件,2025-12-12
sh603108,医药商业,2025-12-12
sh603109,汽车零部件,2025-12-12
sh603110,化学制品,2025-12-12
sh603111,轨交设备,2025-12-12
sh603112,白色家电,2025-12-12
sh603113,化学原料,2025-12-12
sh603115,电子化学品,2025-12-12
sh603116,服装家纺,2025-12-12
sh603117,物流,2025-12-12
sh603118,通信设备,2025-12-12
sh603121,汽车零部件,2025-12-12
sh603122,医药商业,2025-12-12
sh603123,多元金融,2025-12-12
sh603125,化学制品,2025-12-12
sh603126,环境治理,2025-12-12
sh603128,物流,2025-12-12
sh603132,工业金属,2025-12-12
sh603135,专用设备,2025-12-12
sh603136,旅游及酒店,2025-12-12
sh603137,建筑装饰,2025-12-12
sh603138,软件开发,2025-12-12
sh603139,中药,2025-12-12
sh603151,农产品加工,2025-12-12
sh603153,建筑装饰,2025-12-12
sh603155,化学制品,2025-12-12
sh603156,饮料制造,2025-12-12
sh603158,汽车零部件,2025-12-12
sh603159,专用设备,2025-12-12
sh603161,汽车零部件,2025-12-12
sh603162,港口航运,2025-12-12
sh603165,造纸,2025-12-12
sh603166,汽车零部件,2025-12-12
sh603167,港口航运,2025-12-12
sh603168,化学制药,2025-12-12
sh603169,专用设备,2025-12-12
sh603170,食品加工制造,2025-12-12
sh603172,化学制品,2025-12-12
sh603176,建筑装饰,2025-12-12
sh603177,环境治理,2025-12-12
sh603178,汽车零部件,2025-12-12
sh603180,家居用品,2025-12-12
sh603181,化学制品,2025-12-12
sh603182,农产品加工,2025-12-12
sh603183,其他社会服务,2025-12-12
sh603185,光伏设备,2025-12-12
sh603187,通用设备,2025-12-12
sh603188,化学制品,2025-12-12
sh603189,软件开发,2025-12-12
sh603190,汽车零部件,2025-12-12
sh603191,电网设备,2025-12-12
sh603192,化学制品,2025-12-12
sh603193,美容护理,2025-12-12
sh603196,服装家纺,2025-12-12
sh603201,通用设备,2025-12-12
sh603205,医疗器械,2025-12-12
sh603206,通信服务,2025-12-12
sh603207,化学制药,2025-12-12
sh603208,家居用品,2025-12-12
sh603209,港口航运,2025-12-12
sh603211,汽车零部件,2025-12-12
sh603212,光伏设备,2025-12-12
sh603213,化学原料,2025-12-12
sh603214,零售,2025-12-12
sh603215,小家电,2025-12-12
sh603217,化学制品,2025-12-12
sh603218,风电设备,2025-12-12
sh603219,小家电,2025-12-12
sh603220,通信服务,2025-12-12
sh603221,家居用品,2025-12-12
sh603222,医疗器械,2025-12-12
sh603223,石油加工贸易,2025-12-12
sh603225,化学纤维,2025-12-12
sh603227,化学原料,2025-12-12
sh603229,化学制药,2025-12-12
sh603230,文化传媒,2025-12-12
sh603231,农产品加工,2025-12-12
sh603232,软件开发,2025-12-12
sh603233,医药商业,2025-12-12
sh603235,化学制药,2025-12-12
sh603237,食品加工制造,2025-12-12
sh603238,纺织制造,2025-12-12
sh603239,汽车零部件,2025-12-12
sh603255,化学制品,2025-12-12
sh603258,游戏,2025-12-12
sh603266,汽车零部件,2025-12-12
sh603269,通用设备,2025-12-12
sh603270,通用设备,2025-12-12
sh603272,家居用品,2025-12-12
sh603273,工程机械,2025-12-12
sh603276,化学原料,2025-12-12
sh603277,通用设备,2025-12-12
sh603278,通用设备,2025-12-12
sh603279,通用设备,2025-12-12
sh603281,化学制品,2025-12-12
sh603282,环保设备,2025-12-12
sh603285,化学制品,2025-12-12
sh603289,专用设备,2025-12-12
sh603291,环境治理,2025-12-12
sh603298,工程机械,2025-12-12
sh603299,化学原料,2025-12-12
sh603300,多元金融,2025-12-12
sh603303,光学光电子,2025-12-12
sh603305,汽车零部件,2025-12-12
sh603309,医疗器械,2025-12-12
sh603310,化学制品,2025-12-12
sh603311,白色家电,2025-12-12
sh603313,家居用品,2025-12-12
sh603316,建筑装饰,2025-12-12
sh603317,食品加工制造,2025-12-12
sh603318,燃气,2025-12-12
sh603320,电机,2025-12-12
sh603321,专用设备,2025-12-12
sh603323,银行,2025-12-12
sh603324,环保设备,2025-12-12
sh603326,家居用品,2025-12-12
sh603327,消费电子,2025-12-12
sh603328,元件,2025-12-12
sh603329,物流,2025-12-12
sh603330,塑料制品,2025-12-12
sh603331,通用设备,2025-12-12
sh603332,化学纤维,2025-12-12
sh603333,电网设备,2025-12-12
sh603335,汽车零部件,2025-12-12
sh603336,种植业与林业,2025-12-12
sh603339,通用设备,2025-12-12
sh603344,电机,2025-12-12
sh603348,汽车零部件,2025-12-12
sh603351,化学制药,2025-12-12
sh603353,石油加工贸易,2025-12-12
sh603356,专用设备,2025-12-12
sh603357,建筑装饰,2025-12-12
sh603359,环境治理,2025-12-12
sh603363,农产品加工,2025-12-12
sh603365,服装家纺,2025-12-12
sh603366,厨卫电器,2025-12-12
sh603367,化学制药,2025-12-12
sh603368,医药商业,2025-12-12
sh603378,建筑材料,2025-12-12
sh603381,光伏设备,2025-12-12
sh603385,家居用品,2025-12-12
sh603386,元件,2025-12-12
sh603387,医疗器械,2025-12-12
sh603390,汽车零部件,2025-12-12
sh603393,油气开采及服务,2025-12-12
sh603395,农化制品,2025-12-12
sh603399,能源金属,2025-12-12
sh603421,通信设备,2025-12-12
sh603429,包装印刷,2025-12-12
sh603439,中药,2025-12-12
sh603456,医疗服务,2025-12-12
sh603458,建筑装饰,2025-12-12
sh603466,文化传媒,2025-12-12
sh603477,养殖业,2025-12-12
sh603488,专用设备,2025-12-12
sh603496,计算机设备,2025-12-12
sh603499,包装印刷,2025-12-12
sh603500,轨交设备,2025-12-12
sh603505,化学制品,2025-12-12
sh603506,房地产,2025-12-12
sh603507,风电设备,2025-12-12
sh603508,计算机设备,2025-12-12
sh603511,服装家纺,2025-12-12
sh603515,光学光电子,2025-12-12
sh603518,服装家纺,2025-12-12
sh603519,白色家电,2025-12-12
sh603520,化学制药,2025-12-12
sh603527,工业金属,2025-12-12
sh603528,软件开发,2025-12-12
sh603529,汽车服务及其他,2025-12-12
sh603533,文化传媒,2025-12-12
sh603535,物流,2025-12-12
sh603536,食品加工制造,2025-12-12
sh603538,化学制药,2025-12-12
sh603551,厨卫电器,2025-12-12
sh603558,服装家纺,2025-12-12
sh603565,港口航运,2025-12-12
sh603566,养殖业,2025-12-12
sh603567,中药,2025-12-12
sh603568,环境治理,2025-12-12
sh603569,物流,2025-12-12
sh603577,电网设备,2025-12-12
sh603578,白色家电,2025-12-12
sh603579,小家电,2025-12-12
sh603585,农化制品,2025-12-12
sh603586,汽车零部件,2025-12-12
sh603587,服装家纺,2025-12-12
sh603588,环境治理,2025-12-12
sh603598,文化传媒,2025-12-12
sh603599,农化制品,2025-12-12
sh603600,家居用品,2025-12-12
sh603602,通信服务,2025-12-12
sh603607,包装印刷,2025-12-12
sh603608,服装家纺,2025-12-12
sh603609,农产品加工,2025-12-12
sh603611,工程机械,2025-12-12
sh603612,非金属材料,2025-12-12
sh603613,互联网电商,2025-12-12
sh603615,家居用品,2025-12-12
sh603616,建筑材料,2025-12-12
sh603617,通用设备,2025-12-12
sh603618,电网设备,2025-12-12
sh603619,油气开采及服务,2025-12-12
sh603626,消费电子,2025-12-12
sh603628,光伏设备,2025-12-12
sh603629,消费电子,2025-12-12
sh603630,美容护理,2025-12-12
sh603633,汽车零部件,2025-12-12
sh603636,IT服务,2025-12-12
sh603637,建筑装饰,2025-12-12
sh603638,工程机械,2025-12-12
sh603639,农化制品,2025-12-12
sh603648,物流,2025-12-12
sh603656,专用设备,2025-12-12
sh603659,电池,2025-12-12
sh603660,计算机设备,2025-12-12
sh603668,农产品加工,2025-12-12
sh603669,化学制药,2025-12-12
sh603676,化学制药,2025-12-12
sh603677,白色家电,2025-12-12
sh603679,光学光电子,2025-12-12
sh603680,轨交设备,2025-12-12
sh603681,化学制品,2025-12-12
sh603682,零售,2025-12-12
sh603683,化学制品,2025-12-12
sh603685,光学光电子,2025-12-12
sh603686,环境治理,2025-12-12
sh603687,包装印刷,2025-12-12
sh603689,燃气,2025-12-12
sh603690,半导体,2025-12-12
sh603693,电力,2025-12-12
sh603696,食品加工制造,2025-12-12
sh603697,食品加工制造,2025-12-12
sh603700,通用设备,2025-12-12
sh603701,汽车零部件,2025-12-12
sh603703,光学光电子,2025-12-12
sh603706,燃气,2025-12-12
sh603707,化学制药,2025-12-12
sh603708,零售,2025-12-12
sh603711,饮料制造,2025-12-12
sh603712,军工电子,2025-12-12
sh603716,医药商业,2025-12-12
sh603717,养殖业,2025-12-12
sh603718,医疗器械,2025-12-12
sh603719,食品加工制造,2025-12-12
sh603725,家居用品,2025-12-12
sh603726,白色家电,2025-12-12
sh603727,油气开采及服务,2025-12-12
sh603729,文化传媒,2025-12-12
sh603730,汽车零部件,2025-12-12
sh603733,造纸,2025-12-12
sh603738,元件,2025-12-12
sh603739,化学制品,2025-12-12
sh603758,汽车零部件,2025-12-12
sh603759,环境治理,2025-12-12
sh603766,汽车服务及其他,2025-12-12
sh603767,汽车零部件,2025-12-12
sh603768,汽车零部件,2025-12-12
sh603776,汽车服务及其他,2025-12-12
sh603777,食品加工制造,2025-12-12
sh603778,光伏设备,2025-12-12
sh603779,饮料制造,2025-12-12
sh603787,汽车服务及其他,2025-12-12
sh603788,汽车零部件,2025-12-12
sh603790,化学制品,2025-12-12
sh603797,环境治理,2025-12-12
sh603798,石油加工贸易,2025-12-12
sh603801,家居用品,2025-12-12
sh603803,通信设备,2025-12-12
sh603806,光伏设备,2025-12-12
sh603808,服装家纺,2025-12-12
sh603809,汽车零部件,2025-12-12
sh603810,农化制品,2025-12-12
sh603811,化学制药,2025-12-12
sh603815,建筑装饰,2025-12-12
sh603816,家居用品,2025-12-12
sh603817,环境治理,2025-12-12
sh603818,家居用品,2025-12-12
sh603819,电机,2025-12-12
sh603823,化学制品,2025-12-12
sh603826,非金属材料,2025-12-12
sh603836,物流,2025-12-12
sh603839,服装家纺,2025-12-12
sh603848,家居用品,2025-12-12
sh603855,专用设备,2025-12-12
sh603856,建筑材料,2025-12-12
sh603858,中药,2025-12-12
sh603860,建筑装饰,2025-12-12
sh603861,电网设备,2025-12-12
sh603863,造纸,2025-12-12
sh603866,食品加工制造,2025-12-12
sh603867,化学制品,2025-12-12
sh603871,物流,2025-12-12
sh603876,工业金属,2025-12-12
sh603877,服装家纺,2025-12-12
sh603878,钢铁,2025-12-12
sh603879,塑料制品,2025-12-12
sh603880,医疗器械,2025-12-12
sh603882,医疗服务,2025-12-12
sh603883,医药商业,2025-12-12
sh603885,机场航运,2025-12-12
sh603886,食品加工制造,2025-12-12
sh603887,通信服务,2025-12-12
sh603888,文化传媒,2025-12-12
sh603889,纺织制造,2025-12-12
sh603890,消费电子,2025-12-12
sh603895,专用设备,2025-12-12
sh603896,中药,2025-12-12
sh603897,电网设备,2025-12-12
sh603898,家居用品,2025-12-12
sh603899,家居用品,2025-12-12
sh603900,服装家纺,2025-12-12
sh603901,专用设备,2025-12-12
sh603903,环境治理,2025-12-12
sh603906,电池,2025-12-12
sh603908,服装家纺,2025-12-12
sh603909,建筑装饰,2025-12-12
sh603912,通用设备,2025-12-12
sh603915,通用设备,2025-12-12
sh603916,化学制品,2025-12-12
sh603917,汽车零部件,2025-12-12
sh603918,IT服务,2025-12-12
sh603919,白酒,2025-12-12
sh603922,汽车零部件,2025-12-12
sh603926,汽车零部件,2025-12-12
sh603927,软件开发,2025-12-12
sh603928,塑料制品,2025-12-12
sh603933,其他电子,2025-12-12
sh603936,元件,2025-12-12
sh603937,工业金属,2025-12-12
sh603938,化学原料,2025-12-12
sh603939,医药商业,2025-12-12
sh603948,化学制品,2025-12-12
sh603949,汽车零部件,2025-12-12
sh603950,汽车零部件,2025-12-12
sh603955,建筑装饰,2025-12-12
sh603956,专用设备,2025-12-12
sh603958,服装家纺,2025-12-12
sh603959,电池,2025-12-12
sh603960,自动化设备,2025-12-12
sh603966,专用设备,2025-12-12
sh603967,物流,2025-12-12
sh603968,化学制品,2025-12-12
sh603969,通用设备,2025-12-12
sh603970,农化制品,2025-12-12
sh603976,医疗器械,2025-12-12
sh603977,化学制品,2025-12-12
sh603978,金属新材料,2025-12-12
sh603980,化学制品,2025-12-12
sh603982,汽车零部件,2025-12-12
sh603985,风电设备,2025-12-12
sh603987,医疗器械,2025-12-12
sh603988,电机,2025-12-12
sh603989,元件,2025-12-12
sh603990,软件开发,2025-12-12
sh603993,工业金属,2025-12-12
sh603995,钢铁,2025-12-12
sh603997,汽车零部件,2025-12-12
sh603998,中药,2025-12-12
sh603999,文化传媒,2025-12-12
sh605001,轨交设备,2025-12-12
sh605003,服装家纺,2025-12-12
sh605005,汽车零部件,2025-12-12
sh605006,建筑材料,2025-12-12
sh605007,造纸,2025-12-12
sh605008,塑料制品,2025-12-12
sh605011,电力,2025-12-12
sh605016,化学制品,2025-12-12
sh605018,汽车零部件,2025-12-12
sh605020,化学制品,2025-12-12
sh605028,电力,2025-12-12
sh605033,农化制品,2025-12-12
sh605050,物流,2025-12-12
sh605055,纺织制造,2025-12-12
sh605056,通用设备,2025-12-12
sh605066,电网设备,2025-12-12
sh605068,汽车零部件,2025-12-12
sh605069,环境治理,2025-12-12
sh605077,化学制品,2025-12-12
sh605080,家居用品,2025-12-12
sh605089,食品加工制造,2025-12-12
sh605108,旅游及酒店,2025-12-12
sh605116,化学制药,2025-12-12
sh605118,计算机设备,2025-12-12
sh605122,建筑材料,2025-12-12
sh605136,互联网电商,2025-12-12
sh605138,服装家纺,2025-12-12
sh605151,汽车零部件,2025-12-12
sh605155,家居用品,2025-12-12
sh605158,金属新材料,2025-12-12
sh605162,电力,2025-12-12
sh605166,化学纤维,2025-12-12
sh605167,建筑装饰,2025-12-12
sh605169,燃气,2025-12-12
sh605177,化学制药,2025-12-12
sh605179,饮料制造,2025-12-12
sh605180,纺织制造,2025-12-12
sh605183,橡胶制品,2025-12-12
sh605186,自动化设备,2025-12-12
sh605188,零售,2025-12-12
sh605189,纺织制造,2025-12-12
sh605208,工业金属,2025-12-12
sh605218,光学光电子,2025-12-12
sh605222,电网设备,2025-12-12
sh605228,汽车零部件,2025-12-12
sh605259,专用设备,2025-12-12
sh605266,医药商业,2025-12-12
sh605268,家居用品,2025-12-12
sh605277,消费电子,2025-12-12
sh605287,建筑装饰,2025-12-12
sh605296,养殖业,2025-12-12
sh605299,家居用品,2025-12-12
sh605300,饮料制造,2025-12-12
sh605303,建筑装饰,2025-12-12
sh605319,汽车零部件,2025-12-12
sh605333,汽车零部件,2025-12-12
sh605336,厨卫电器,2025-12-12
sh605337,饮料制造,2025-12-12
sh605338,食品加工制造,2025-12-12
sh605339,食品加工制造,2025-12-12
sh605365,光学光电子,2025-12-12
sh605366,化学制品,2025-12-12
sh605368,燃气,2025-12-12
sh605369,医疗器械,2025-12-12
sh605377,造纸,2025-12-12
sh605378,电池,2025-12-12
sh605388,饮料制造,2025-12-12
sh605398,IT服务,2025-12-12
sh605399,化学制品,2025-12-12
sh605500,造纸,2025-12-12
sh605507,化学制药,2025-12-12
sh605555,小家电,2025-12-12
sh605566,化学制品,2025-12-12
sh605567,食品加工制造,2025-12-12
sh605577,文化传媒,2025-12-12
sh605589,塑料制品,2025-12-12
sh605599,服装家纺,2025-12-12
